Ülke;Temsilcilik;Düzenlenmiş Adres;1. tur başlangıç;1. tur bitiş;2. tur başlangıç;2. tur bitiş
Almanya;Berlin Başkonsolosluğu;Heerstr.21, 14052 Berlin, Almanya;27 Nisan;9 Mayıs;20 Mayıs;24 Mayıs
Almanya;Düsseldorf Başkonsolosluğu;Willstätter Straβe 9, 40549 Düsseldorf, Almanya;27 Nisan;9 Mayıs;20 Mayıs;24 Mayıs
Almanya;Essen Başkonsolosluğu;Essen Fuar ve Kongre Merkezi (Grugahalle) Messeplatz 2 45131 Essen, Almanya;27 Nisan;9 Mayıs;20 Mayıs;24 Mayıs
Almanya;Essen Başkonsolosluğu / Dortmund;Dortmund Türk Eğitim Merkezi (DOTEM) Nollendorfpl. 2 44339 Dortmund, Almanya;29 Nisan;1 Mayıs;20 Mayıs;21 Mayıs
Almanya;Essen Başkonsolosluğu / Siegen;Kongresszentrum Siegerlanhalle Koblenzer Strasse 151, 57072 Siegen;29 Nisan;1 Mayıs;20 Mayıs;21 Mayıs
Almanya;Frankfurt Başkonsolosluğu;Kennedyallee 115-117 60596 Frankfurt am Main, Almanya;27 Nisan;9 Mayıs;20 Mayıs;24 Mayıs
Almanya;Frankfurt Başkonsolosluğu / Fulda;Familien Schule Fulda Gallasiniring 30, 36043 Fulda, Almanya;29 Nisan;1 Mayıs;20 Mayıs;21 Mayıs
Almanya;Frankfurt Başkonsolosluğu / Limburg;Limburg Westerwaldstrasse 86, 65549 Limburg, Almanya;29 Nisan;1 Mayıs;20 Mayıs;21 Mayıs
Almanya;Hamburg Başkonsolosluğu;Tesdorpfstrasse 18, 20148 Hamburg, Almanya;27 Nisan;9 Mayıs;20 Mayıs;24 Mayıs
Almanya;Hamburg Başkonsolosluğu / Kiel;Erich Kastner Weg 100, 24143 Kiel, Almanya;29 Nisan;1 Mayıs;20 Mayıs;21 Mayıs
Almanya;Hannover Başkonsolosluğu;Deutsche Messe AG Messegelände 30521 Hannover, Almanya 1 Tur: Convention Center Sall 1 - 2. Tur: Halle 18;27 Nisan;9 Mayıs;20 Mayıs;24 Mayıs
Almanya;Hannover Başkonsolosluğu / Bremen;Congress Bremen M3B GmbH Findorffstr. 101 28215 Bremen,Almanya 1. Tur: Halle 4 - 2. Tur: Halle 7;29 Nisan;1 Mayıs;20 Mayıs;21 Mayıs
Almanya;Karlsruhe Başkonsolosluğu;Rintheimer Str 82,76131, Karlsruhe, Almanya;27 Nisan;9 Mayıs;20 Mayıs;24 Mayıs
Almanya;Karlsruhe Başkonsolosluğu / Mannheim;1. Tur: Kulturhaus Kaefertal Gartenstrasse 8, 68309 Mannheim, Almanya 2. Tur: TSV Mannheim 1846 Hans Reschke Ufer 4a, 68165 Mannheim, Almanya;29 Nisan;1 Mayıs;20 Mayıs;21 Mayıs
Almanya;Kassel Başkonsolosluğu;Niestetalweg 6-8, 34123 Kassel, Almanya;27 Nisan;9 Mayıs;20 Mayıs;24 Mayıs
Almanya;Köln Başkonsolosluğu;Luxemburger Str. 285, 50354 Hürth, Almanya;27 Nisan;9 Mayıs;20 Mayıs;24 Mayıs
Almanya;Köln Başkonsolosluğu / Aachen;Zollernstraße 16, 52070 Aachen Almanya;29 Nisan;1 Mayıs;20 Mayıs;21 Mayıs
Almanya;Mainz Başkonsolosluğu;An der Karlsschanze 7, 55131 Mainz, Almanya;27 Nisan;9 Mayıs;20 Mayıs;24 Mayıs
Almanya;Mainz Başkonsolosluğu  / Saarbrücken;Premier Inn Saarbrücken City Centre otel Faktoreistraße 2, 66111 Saarbrücken, Almanya;29 Nisan;1 Mayıs;20 Mayıs;21 Mayıs
Almanya;Münih Başkonsolosluğu;Karlsplatz 21-24, 80335, Münih, Almanya;27 Nisan;9 Mayıs;20 Mayıs;24 Mayıs
Almanya;Münster Başkonsolosluğu;Airportallee 1, 48268, Greven, Almanya;27 Nisan;9 Mayıs;20 Mayıs;24 Mayıs
Almanya;Münster Başkonsolosluğu / Bielefeld;Duisburgerstr. 25, 33647 Bielefeld, Almanya;29 Nisan;1 Mayıs;20 Mayıs;21 Mayıs
Almanya;Nürnberg Başkonsolosluğu;Steinbühler Str. 4-6, 90443 Nürnberg, Almanya;27 Nisan;9 Mayıs;20 Mayıs;24 Mayıs
Almanya;Nürnberg Başkonsolosluğu / Regensburg;Junkersstrasse 9, 93055 Regensburg, Almanya;29 Nisan;1 Mayıs;20 Mayıs;21 Mayıs
Almanya;Stuttgart Başkonsolosluğu;Lorenzstrasse 11, 70435 Stuttgart-Zuffenhausen / Almanya;27 Nisan;9 Mayıs;20 Mayıs;24 Mayıs
Almanya;Stuttgart Başkonsolosluğu / Ulm;Magirus-Deutz Straße 13, 89077, Ulm, Almanya;29 Nisan;1 Mayıs;20 Mayıs;21 Mayıs
A.B.D;Boston Başkonsolosluğu;31 Saint James Avenue, Suite #840, Boston, MA 02116, USA;29 Nisan;7 Mayıs;20 Mayıs;24 Mayıs
A.B.D;Houston Başkonsolosluğu;5333 Westheimer Road, Suite 1050, Houston, TX 77056, ABD;29 Nisan;7 Mayıs;20 Mayıs;24 Mayıs
A.B.D;Los Angeles Başkonsolosluğu;8500 Wilshire Blvd Suite No:900, Beverly Hills, CA 90211, ABD;29 Nisan;7 Mayıs;20 Mayıs;24 Mayıs
A.B.D;Miami Başkonsolosluğu;80 SW 8th St. #2700 Miami,Florida, 33130, ABD;29 Nisan;7 Mayıs;20 Mayıs;24 Mayıs
A.B.D;New York Başkonsolosluğu;Türkevi: 821 United Nations Plaza, 10017, New York City, NY, ABD;29 Nisan;7 Mayıs;20 Mayıs;24 Mayıs
A.B.D;New York Başkonsolosluğu/Long Island;Holiday Inn Long Island - ISLIP Arpt East 1730 North Ocean Avenue, Holtsville, NY 11742, ABD;29 Nisan;1 Mayıs;20 Mayıs;21 Mayıs
A.B.D;New York Başkonsolosluğu/South Jersey;Regal Banquet Hall - 1444 Route 73, Pennsauken, NJ 08110, ABD;29 Nisan;1 Mayıs;20 Mayıs;21 Mayıs
A.B.D;Şikago Başkonsolosluğu;455 N. Cityfront Plaza Dr. Suite 2900 Chicago, IL 60611, ABD;29 Nisan;7 Mayıs;20 Mayıs;24 Mayıs
A.B.D;Vaşington Büyükelçiliği;2525 Massachusetts Ave NW, Washington, DC 20008, ABD;29 Nisan;7 Mayıs;20 Mayıs;24 Mayıs
Arnavutluk;Tiran Büyükelçiliği;Rruga e Elbasanit No: 65, Tiran-Arnavutluk;5 Mayıs;7 Mayıs;20 Mayıs;22 Mayıs
Avustralya;Kanberra Büyükelçiliği;6 Moonah Place, Yarralumla A.C.T. 2600 Avustralya;29 Nisan;7 Mayıs;20 Mayıs;24 Mayıs
Avustralya;Melburn Başkonsolosluğu;Level 8, 24 Albert Road, South Melbourne, Victoria, 3205, Avustralya;29 Nisan;7 Mayıs;20 Mayıs;24 Mayıs
Avustralya;Sidney Başkonsolosluğu;66 Ocean St Woollahra, NSW 2025, Sidney, Avustralya;29 Nisan;7 Mayıs;20 Mayıs;24 Mayıs
Avusturya;Bregenz Başkonsolosluğu;Sender Strasse 10, 6922 Wolfurt, Avusturya;27 Nisan;9 Mayıs;20 Mayıs;24 Mayıs
Avusturya;Salzburg Başkonsolosluğu;Strubergasse 9, 5020 Salzburg Avusturya;27 Nisan;9 Mayıs;20 Mayıs;24 Mayıs
Avusturya;Salzburg Başkonsolosluğu / Innsbruck;Congress Innsbruck, Rennweg 3, 6020 Innsbruck Avusturya;29 Nisan;1 Mayıs;20 Mayıs;21 Mayıs
Avusturya;Salzburg Başkonsolosluğu / Linz;Volkshaus Ebelsberg, Kremsmünsterer Str. 1-3, 4030 Linz Avusturya;29 Nisan;1 Mayıs;20 Mayıs;21 Mayıs
Avusturya;Viyana Başkonsolosluğu;Hietzinger Hauptstrasse 29, 1130 Viyana - Avusturya;27 Nisan;9 Mayıs;20 Mayıs;24 Mayıs
Avusturya;Viyana Başkonsolosluğu / Graz;Schmiedgasse 2, 8010 Graz - Avusturya;29 Nisan;1 Mayıs;20 Mayıs;21 Mayıs
Azerbaycan;Bakü Büyükelçiliği;Samed Vurgun Küçesi 134, Bakü, Azerbaycan;5 Mayıs;7 Mayıs;20 Mayıs;22 Mayıs
Azerbaycan;Gence Başkonsolosluğu;M.A. Abbaszade 6 Gence, Azerbaycan;5 Mayıs;7 Mayıs;20 Mayıs;22 Mayıs
Azerbaycan;Nahçıvan Başkonsolosluğu;Haydar Aliyev Cad., No: 17, Nahçıvan, Nahçıvan Özerk Cumhuriyeti, Azerbaycan;5 Mayıs;7 Mayıs;20 Mayıs;22 Mayıs
Bahreyn;Manama Büyükelçiliği;Villa No:924, Road No: 3219, Bu Ashira, Block 332             Manama - Bahreyn;5 Mayıs;7 Mayıs;20 Mayıs;22 Mayıs
Belarus;Minsk Büyükelçiliği;Ulitsa Volodarskogo 6, Kat:4, Minsk 220030, Belarus;6 Mayıs;7 Mayıs;20 Mayıs;21 Mayıs
Belçika;Anvers Başkonsolosluğu;ANTWERP EXPO, Jan van Rijswijcklaan, 191 - 2020 Antwerpen, Belçika;29 Nisan;7 Mayıs;20 Mayıs;24 Mayıs
Belçika;Anvers Başkonsolosluğu / Hasselt;TRIXXO ARENA, Park H-Gouverneur Verwilghensingel, 70 – 3500 Hasselt, Belçika;29 Nisan;1 Mayıs;20 Mayıs;21 Mayıs
Belçika;Brüksel Başkonsolosluğu;BRUSSELS EXPO, 1. Tur: Palais 3, Avenue Impératrice Charlotte 4, 1020 Brüksel, Belçika   2. Tur : BRUSSELS EXPO, Palais 8, Rue du Verregat 1, 1020 Brüksel;29 Nisan;7 Mayıs;20 Mayıs;24 Mayıs
Birleşik Arap Emirlikleri;Abu Dabi Büyükelçiliği;Embassy of the Republic of Türkiye Embassy’s Area, W59-02 /1, No:34, Abu Dabi - Birleşik Arap Emirlikleri;4 Mayıs;7 Mayıs;20 Mayıs;22 Mayıs
Birleşik Arap Emirlikleri;Dubai Başkonsolosluğu;World Trade Center Building, 29th Floor, Dubai - Birleşik Arap Emirlikleri;4 Mayıs;7 Mayıs;20 Mayıs;22 Mayıs
Bosna Hersek;Saraybosna Büyükelçiliği;Vilsonovo Setaliste bb, Saraybosna, Bosna-Hersek;5 Mayıs;7 Mayıs;20 Mayıs;21 Mayıs
Bosna Hersek;Banja Luka Başkonsolosluğu;Branka Copića 6, 78000 Banja Luka, Bosna-Hersek;5 Mayıs;7 Mayıs;20 Mayıs;21 Mayıs
Bosna Hersek;Mostar Başkonsolosluğu;Mala Tepa, 24, Mostar,   Bosna-Hersek;5 Mayıs;7 Mayıs;20 Mayıs;21 Mayıs
Brezilya Federatif Cumhuriyeti;Brazilya Büyükelçiliği;Av. das Nações, Q.805, Lote 23, 70.452-900, Asa Sul, Brasília, DF, Brezilya;6 Mayıs;7 Mayıs;21 Mayıs;21 Mayıs
Brezilya Federatif Cumhuriyeti;Sao Paulo Başkonsolosluğu;Avenida Chedid Jafet 222, Conjunto 42, BlocoA, Vila Olimpia, Sao Paulo/SP, CEP 04551-065, Brezilya;6 Mayıs;7 Mayıs;21 Mayıs;21 Mayıs
Bulgaristan;Burgaz Başkonsolosluğu;Demokratsia Bulvarı No.38, 8000, Burgaz, Bulgaristan;4 Mayıs;7 Mayıs;20 Mayıs;22 Mayıs
Bulgaristan;Filibe Başkonsolosluğu;Filip Makedonski 10, 4000, Filibe, Bulgaristan;4 Mayıs;7 Mayıs;20 Mayıs;22 Mayıs
Bulgaristan;Sofya Büyükelçiliği;Vasil Levski Bulvarı No: 80, 1000, Sofya, Bulgaristan;4 Mayıs;7 Mayıs;20 Mayıs;22 Mayıs
Büyük Britanya Ve Kuzey Irlanda Birleşik Kiralliği;Edinburg Başkonsolosluğu;39 Drumsheugh Gardens, Edinburgh EH3 7SW, Birleşik Krallık;29 Nisan;7 Mayıs;20 Mayıs;24 Mayıs
Büyük Britanya Ve Kuzey Irlanda Birleşik Kiralliği;Londra Başkonsolosluğu;1. TUR: Old Billingsgate (1 Old Billingsgate Walk, London EC3R 6DX, Birleşik Krallık)    2. TUR: London Hilton on Park Lane (22 Park Lane, London, W1K 1BE, Birleşik Krallık);29 Nisan;7 Mayıs;20 Mayıs;24 Mayıs
Büyük Britanya Ve Kuzey Irlanda Birleşik Kiralliği;Manchester Başkonsolosluğu;14 Oxford Court, Manchester, M2 3WQ, Birleşik Krallık;29 Nisan;7 Mayıs;20 Mayıs;24 Mayıs
Büyük Britanya Ve Kuzey Irlanda Birleşik Kiralliği;Manchester Başkonsolosluğu / Leicester;Leicester Tigers Rugby Club, Director’s Lounge, Mattioli Woods Welford Road Stadium, Aylestone Road, Leicester, LE2 7TR,        Birleşik Krallık;29 Nisan;1 Mayıs;20 Mayıs;21 Mayıs
Cezayir;Cezayir Büyükelçiliği;21, Villa dar el-Ouard Chemin de la Rochelle Boulevard Colonel Bougara Alger-16000, Cezayir;5 Mayıs;7 Mayıs;20 Mayıs;21 Mayıs
Çekya;Prag Büyükelçiliği;Sibiřské náměstí 730/1, 160 00 Prague 6, Çekya;3 Mayıs;7 Mayıs;20 Mayıs;21 Mayıs
Çin Halk Cumhuriyeti;Guanco Başkonsolosluğu;Unit 23A-Development Center, No.3 Linjiang Dadao, Zhujiang New Town, Tianhe District, Guangzhou, Çin Halk Cumhuriyeti;5 Mayıs;7 Mayıs;20 Mayıs;21 Mayıs
Çin Halk Cumhuriyeti;Hong Kong Başkonsolosluğu;Room 301, 3/F, Sino Plaza, 255-257 Gloucester Road, Causeway Bay, Hong Kong, Çin Halk Cumhuriyeti;5 Mayıs;7 Mayıs;20 Mayıs;21 Mayıs
Çin Halk Cumhuriyeti;Pekin Büyükelçiliği;San Li Tun Dong 5 Jie No: 9 100600 Pekin, Çin Halk Cumhuriyeti;5 Mayıs;7 Mayıs;20 Mayıs;21 Mayıs
Çin Halk Cumhuriyeti;Şanhay Başkonsolosluğu;SOHO Zhongshan Plaza, 1055 W Zhongshan Rd, 8F, Unit: 806-808, Changning District, 200051 Shanghai, Çin Halk Cumhuriyeti;5 Mayıs;7 Mayıs;20 Mayıs;21 Mayıs
Danimarka;Kopenhag Büyükelçiliği;Vestagervej 16, 2100, Kopenhag, Danimarka;27 Nisan;9 Mayıs;20 Mayıs;24 Mayıs
Danimarka;Kopenhag Büyükelçiliği / Aarhus;Radisson Blu Scandinavia Hotel Margrethepladsen 1, 8000, Aarhus, Danimarka;29 Nisan;1 Mayıs;20 Mayıs;21 Mayıs
Estonya;Tallin Büyükelçiliği;Narva mnt 30, 10120 Tallin, Estonya;6 Mayıs;7 Mayıs;21 Mayıs;21 Mayıs
Fas;Rabat Büyükelçiliği;Abdelkrim Benjelloun Caddesi, No:7 10010 Rabat, Fas;6 Mayıs;7 Mayıs;21 Mayıs;21 Mayıs
Finlandiya;Helsinki Büyükelçiliği;Albertinkatu 27 A, 00180 Helsinki, Finlandiya;1 Mayıs;7 Mayıs;20 Mayıs;23 Mayıs
Fransa;Bordo Başkonsolosluğu;29 Allées de Chartres 33000 Bordeaux, Fransa;27 Nisan;9 Mayıs;20 Mayıs;24 Mayıs
Fransa;Liyon Başkonsolosluğu;Lyon DİTİB, 72 Rue Paul et Marc Barbezat 69150 Decines-Charpieu Lyon, Fransa;27 Nisan;9 Mayıs;20 Mayıs;24 Mayıs
Fransa;Liyon Başkonsolosluğu / Clermont-Ferrand;Anatolia Parc, Le Petit Orcet 63670 Orcet, Clermont-Ferrand, Fransa;29 Nisan;1 Mayıs;20 Mayıs;21 Mayıs
Fransa;Marsilya Başkonsolosluğu;Marseille Chanot, Palais Des Congrès Et Des Expositions - SAFIM, Palais de la Méditerranée, Rond Point du Prado, 13008 Marsilya, Fransa;27 Nisan;9 Mayıs;20 Mayıs;24 Mayıs
Fransa;Nant Başkonsolosluğu;20 Quai François Mitterrand, 44200 Nantes, Fransa;27 Nisan;9 Mayıs;20 Mayıs;24 Mayıs
Fransa;Paris Başkonsolosluğu;44 Rue de Sevres, 92100, Boulogne-Billancourt, Fransa;27 Nisan;9 Mayıs;20 Mayıs;24 Mayıs
Fransa;Paris Başkonsolosluğu / Orleans;Espace Chantemelles, Pole 45 Rue Des Chantemelles, 45140 Ingre Orleans, Fransa;29 Nisan;1 Mayıs;20 Mayıs;21 Mayıs
Fransa;Strazburg Başkonsolosluğu;3 Rue Toreau, 67000, Strasbourg, Fransa;27 Nisan;9 Mayıs;20 Mayıs;24 Mayıs
Fransa;Strazburg Başkonsolosluğu / Mulhouse;Gymnase Nordfeld, 43 Avenue Alphonse Juin, 68100, Mulhouse, Fransa;29 Nisan;1 Mayıs;20 Mayıs;21 Mayıs
Güney Afrika;Pretorya Büyükelçiliği;573 Fehrsen St. Nieuw Mucklenuck, Pretorya, Güney Afrika Cumhuriyeti;6 Mayıs;7 Mayıs;20 Mayıs;21 Mayıs
Güney Afrika;Cape Town Başkonsolosluğu;Century City Konferans Merkezi No.4 Energy Lane, Bridgeways Precinct, Century City, 7441, Cape Town, Güney Afrika Cumhuriyeti;6 Mayıs;7 Mayıs;20 Mayıs;21 Mayıs
Gürcistan;Batum Başkonsolosluğu;Ninoshvili Caddesi, No. 9, Batum, Gürcistan;5 Mayıs;7 Mayıs;20 Mayıs;21 Mayıs
Gürcistan;Tiflis Büyükelçiliği;Ilia Chavchavadze Avenue 35, Tiflis, Gürcistan;5 Mayıs;7 Mayıs;20 Mayıs;21 Mayıs
Hollanda;Amsterdam Başkonsolosluğu;1.TUR: RAI Fuar ve Kongre Merkezi, Europaplein 24, 1078 GZ, Amsterdam, Hollanda 2.TUR: Rhone Etkinlik ve Kongre Merkezi Rhoneweg 12-14, 1043 AH, Amsterdam, Hollanda;29 Nisan;7 Mayıs;20 Mayıs;24 Mayıs
Hollanda;Deventer Başkonsolosluğu;De Scheg Spor Merkezi, Piet van Donkplein 1, 7422 LW Deventer, Hollanda;29 Nisan;7 Mayıs;20 Mayıs;24 Mayıs
Hollanda;Rotterdam Başkonsolosluğu;GIA Trade & Exhibition Centre, De Werf 11 2544 EH Lahey, Hollanda;29 Nisan;7 Mayıs;20 Mayıs;24 Mayıs
Hollanda;Rotterdam Başkonsolosluğu / Eindhoven;Van der Valk Hotel, Aalsterweg 322, 5644 RL Eindhoven, Hollanda;29 Nisan;1 Mayıs;20 Mayıs;21 Mayıs
Irak;Bağdat Büyükelçiliği;Karadat Maryam - International Zone (Green Zone) 406/4213 10001 Bağdat, Irak;5 Mayıs;7 Mayıs;20 Mayıs;21 Mayıs
Irak;Erbil Başkonsolosluğu;Gulan Caddesi, Ster Binası, Zemin Kat, Erbil, Irak;5 Mayıs;7 Mayıs;20 Mayıs;21 Mayıs
Irak;Basra Başkonsolosluğu;Al Vufud Str. Al Mishraq Al Qadim Basrah - Irak;5 Mayıs;7 Mayıs;20 Mayıs;21 Mayıs
Iran;Tahran Büyükelçiliği;Büyükelçilik Yerleşkesi İçinde Yer Alan Türk Okulu: No 337 Ferdowsi Caddesi PK 1144643463 Tahran, İran;5 Mayıs;7 Mayıs;20 Mayıs;21 Mayıs
Iran;Tebriz Başkonsolosluğu;Kuye Vale Asr Khiyabani Forughi Falakai Homafar Kuçe-i Farhangian No:8 Tebriz, İran;5 Mayıs;7 Mayıs;20 Mayıs;21 Mayıs
Iran;Meşhed Başkonsolosluğu;Bulvar-i Sajjad, Khyaban-i Gelayol No: 45 Meşhed, İran;5 Mayıs;7 Mayıs;20 Mayıs;21 Mayıs
Irlanda;Dublin Büyükelçiliği;8 Raglan Road, Ballsbridge, Dublin 4, D04 EA36, İrlanda;5 Mayıs;7 Mayıs;20 Mayıs;22 Mayıs
Ispanya;Barselona Başkonsolosluğu;Passeig de Gracia,7/1, Barselona, İspanya;5 Mayıs;7 Mayıs;20 Mayıs;22 Mayıs
Ispanya;Madrid Büyükelçiliği;Calle de Rafael Calvo, 18, 2A-B, Madrid, İspanya;5 Mayıs;7 Mayıs;20 Mayıs;22 Mayıs
Israil;Tel Aviv Büyükelçiliği;Hayarkon 202, 6340507, Tel Aviv, İsrail;3 Mayıs;7 Mayıs;20 Mayıs;22 Mayıs
Isveç;Stokholm Büyükelçiliği;Stockholmsmässan Fuar Alanı, Mässvägen 1, 125 30 Älvsjö, Stokholm, İsveç;1 Mayıs;7 Mayıs;20 Mayıs;24 Mayıs
Isviçre;Bern Büyükelçiliği;Lombachweg 33, 3006 Bern, İsviçre;29 Nisan;7 Mayıs;20 Mayıs;24 Mayıs
Isviçre;Cenevre Başkonsolosluğu;20, Route de Pré-Bois, 1215 Genève (International Center Cointrin-ICC, Giriş Kat), Cenevre, İsviçre;29 Nisan;7 Mayıs;20 Mayıs;24 Mayıs
Isviçre;Zürih Başkonsolosluğu;Messe Zürich- Wallisellenstrasse 49, 8050 Zürih, İsviçre;29 Nisan;7 Mayıs;20 Mayıs;24 Mayıs
Italya;Milano Başkonsolosluğu;Via Antonio Canova 36 20145, Milano, İtalya;3 Mayıs;7 Mayıs;20 Mayıs;22 Mayıs
Italya;Roma Büyükelçiliği;Via Palestro 28, 00185, Roma, İtalya;3 Mayıs;7 Mayıs;20 Mayıs;22 Mayıs
Japonya;Tokyo Büyükelçiliği;Tokyo, Shibuya-ku, Jingumae, 2-33-6, 150-0001 Japonya;5 Mayıs;7 Mayıs;20 Mayıs;22 Mayıs
Japonya;Nagoya Başkonsolosluğu;Aichi, Nagoya, Naka-ku, Sakae 3-21-23 KS İseya Bldg 4F, 460-0008 Japonya;5 Mayıs;7 Mayıs;20 Mayıs;22 Mayıs
Kanada;Montreal Başkonsolosluğu;1000 Sherbrooke Street West, Suite 1300, Montreal, QC, H3A 3G4, Kanada;29 Nisan;7 Mayıs;20 Mayıs;24 Mayıs
Kanada;Ottava Büyükelçiliği;197 Wurtemburg St, Ottawa, ON K1N 8L9, Kanada;29 Nisan;7 Mayıs;20 Mayıs;24 Mayıs
Kanada;Toronto Başkonsolosluğu;10 Lower Spadina Avenue, Suite: 300 Toronto, ON M5V 2Z2, Kanada;29 Nisan;7 Mayıs;20 Mayıs;24 Mayıs
Kanada;Vancouver Başkonsolosluğu;303-1111 West Georgia Street, Vancouver V6E 4M3, Kanada;29 Nisan;7 Mayıs;20 Mayıs;24 Mayıs
Karadağ;Podgoritsa Büyükelçiliği;Radosava Burica b.b. (Do Codre) 81000 Podgoritsa, Karadağ;6 Mayıs;7 Mayıs;20 Mayıs;21 Mayıs
Katar;Doha Büyükelçiliği;Zone 66 Street 905 Building 149 Doha, Katar;1 Mayıs;7 Mayıs;20 Mayıs;22 Mayıs
Kazakistan;Nur-Sultan Büyükelçiliği;Taşenov Caddesi, No: 3 010000 Astana, Kazakistan;4 Mayıs;7 Mayıs;20 Mayıs;22 Mayıs
Kazakistan;Almatı Başkonsolosluğu;Tole Bi Caddesi, No: 29, Almatı, Kazakistan;4 Mayıs;7 Mayıs;20 Mayıs;22 Mayıs
Kazakistan;Aktau Başkonsolosluğu;15. Mikrorayon No:56 130000 Samal / Aktau, Kazakistan;4 Mayıs;7 Mayıs;20 Mayıs;22 Mayıs
Kirgizistan;Bişkek Büyükelçiliği;Moskovskaya 89, Bişkek, Kırgızistan;5 Mayıs;7 Mayıs;20 Mayıs;21 Mayıs
Kore;Seul Büyükelçiliği;40, Dongho-ro, 20 Na-gil, Jung-Gu Seoul 04606  Kore Cumhuriyeti;6 Mayıs;7 Mayıs;21 Mayıs;21 Mayıs
Kosova;Priştine Büyükelçiliği;Rr. İsmail Qemaili No:90 Arberia Priştine, Kosova;6 Mayıs;7 Mayıs;21 Mayıs;21 Mayıs
Kosova;Prizren Başkonsolosluğu;Remzi Ademaj Cad. No:46, 20000 Prizren, Kosova;6 Mayıs;7 Mayıs;21 Mayıs;21 Mayıs
Kuveyt;Kuveyt Büyükelçiliği;Embassies Area, Plot 16, Istiqlal Street, Daiyah Block 5, 35301, Kuveyt;5 Mayıs;7 Mayıs;20 Mayıs;21 Mayıs
Kuzey Kibris Türk Cumhuriyeti;Lefkoşa Büyükelçiliği;Atatürk Spor Salonu, Dr. Fazıl Küçük Bulvarı, Lefkoşa, KKTC;27 Nisan;9 Mayıs;20 Mayıs;24 Mayıs
Kuzey Kibris Türk Cumhuriyeti;Lefkoşa Büyükelçiliği / Güzelyurt;Dr. Fazıl Küçük Spor Salonu (eski adı Güzelyurt Spor Salonu), Güzelyurt, KKTC;29 Nisan;1 Mayıs;20 Mayıs;21 Mayıs
Kuzey Kibris Türk Cumhuriyeti;Gazimağusa Başkonsolosluğu;Doğu Akdeniz Üniversitesi Lala Mustafa Paşa Spor Sarayı Gazimağusa, KKTC;27 Nisan;9 Mayıs;20 Mayıs;24 Mayıs
Kuzey Makedonya;Üsküp Büyükelçiliği;Ul. Slavej Planina -BB, 1000 Üsküp,  Kuzey Makedonya;5 Mayıs;7 Mayıs;20 Mayıs;21 Mayıs
Libya;Trablus Büyükelçiliği;Shara Zaviya Dahmani, P.O.Box: 947 Trablus, Libya;5 Mayıs;7 Mayıs;20 Mayıs;21 Mayıs
Libya;Misurata Başkonsolosluğu;Gzair Bölgesi (11 Temmuz) Almuzdawaj Aljadid Caddesi (Omar Almuktar Okulu yanı) Posta Kutusu: 3049, Misurata, Libya;5 Mayıs;7 Mayıs;20 Mayıs;21 Mayıs
Litvanya;Vilnius Büyükelçiliği;Didzioji gatve 37, LT-01128, Vilnius, Litvanya;6 Mayıs;7 Mayıs;20 Mayıs;21 Mayıs
Lübnan;Beyrut Büyükelçiliği;Rabıeh Zone 2, 1st Street, Matn Beyrut, Lübnan;1 Mayıs;7 Mayıs;20 Mayıs;22 Mayıs
Lüksemburg;Lüksemburg Büyükelçiliği;49, rue Siggy vu Lëtzebuerg, L-1933, Lüksemburg;27 Nisan;9 Mayıs;20 Mayıs;24 Mayıs
Macaristan;Budapeşte Büyükelçiliği;Andrassy Ut 123, 1062 Budapeşte, Macaristan;5 Mayıs;7 Mayıs;20 Mayıs;21 Mayıs
Malezya;Kuala Lumpur Büyükelçiliği;18. Kat, Menara Tan&Tan, 207, Jalan Tun Razak, 50450       Kuala Lumpur, Malezya;6 Mayıs;7 Mayıs;20 Mayıs;21 Mayıs
Malta;Valetta Büyükelçiliği;35, Sir Luigi Preziosi Square    FRN-1154, Floriana, Malta;6 Mayıs;7 Mayıs;20 Mayıs;21 Mayıs
Misir;İskenderiye Başkonsolosluğu;11 Kamel El Kilani St. Bab Sharky İskenderiye, Mısır;5 Mayıs;7 Mayıs;20 Mayıs;22 Mayıs
Misir;Kahire Büyükelçiliği;25, El-Falaky Str. Bab El-Louk, Kahire, Mısır;5 Mayıs;7 Mayıs;20 Mayıs;22 Mayıs
Moldova;Kişinev Büyükelçiliği;Str. Alexei Mateevici, 55, Kişinev, Moldova;6 Mayıs;7 Mayıs;20 Mayıs;21 Mayıs
Moldova;Komrat Başkonsolosluğu;Str. Lenin, nr. 238, Komrat - Moldova;6 Mayıs;7 Mayıs;20 Mayıs;21 Mayıs
Nijerya;Abuja Büyükelçiliği;Plot:333, Diplomatic Drive, Central Business District, Abuja, Nijerya;6 Mayıs;7 Mayıs;20 Mayıs;21 Mayıs
Norveç;Oslo Büyükelçiliği;Halvdan Svartes Gate 5, 0268, Oslo, Norveç;29 Nisan;7 Mayıs;20 Mayıs;24 Mayıs
Özbekistan;Taşkent Büyükelçiliği;Akademik Yahya Gulyamov Ko’chasi No: 87, Taşkent, Özbekistan;5 Mayıs;7 Mayıs;20 Mayıs;21 Mayıs
Özbekistan;Semerkant Başkonsolosluğu;Pushkin ko’chasi No:4 Semerkant, Özbekistan;5 Mayıs;7 Mayıs;20 Mayıs;21 Mayıs
Pakistan;İslamabad Büyükelçiliği;Street 1, Diplomatic Enclave, G5 44000 Islamabad, Pakistan;6 Mayıs;7 Mayıs;20 Mayıs;21 Mayıs
Pakistan;Karaçi Başkonsolosluğu;Saba Avenue ST-18, Clifton Block – 4, Karaç, Pakistan;6 Mayıs;7 Mayıs;20 Mayıs;21 Mayıs
Pakistan;Lahor Başkonsolosluğu;No.98, Block C-2, Gulberg 3, Lahor, Pakistan;6 Mayıs;7 Mayıs;20 Mayıs;21 Mayıs
Polonya;Varşova Büyükelçiliği;UL. Rakowiecka 19, 02-517 Varşova, Polonya;3 Mayıs;7 Mayıs;20 Mayıs;21 Mayıs
Portekiz;Lizbon Büyükelçiliği;Avenida das Descobertas, 22 Restelo 1400-092 Lizbon, Portekiz;6 Mayıs;7 Mayıs;21 Mayıs;21 Mayıs
Romanya;Bükreş Büyükelçiliği;Calea Dorobanți 72, București 010575, Romanya;3 Mayıs;7 Mayıs;20 Mayıs;21 Mayıs
Romanya;Köstence Başkonsolosluğu;B-Dul Ferdinand Nr 82, Köstence, Romanya;3 Mayıs;7 Mayıs;20 Mayıs;21 Mayıs
Rusya Federasyonu;Kazan Başkonsolosluğu;Ulitsa Maksima Gorkogo 23/27, Kazan, Tataristan, Rusya Federasyonu;29 Nisan;7 Mayıs;20 Mayıs;22 Mayıs
Rusya Federasyonu;Moskova Büyükelçiliği;7. Rostovskiy Pereulok No:12 Moskova, Rusya Federasyonu;29 Nisan;7 Mayıs;20 Mayıs;22 Mayıs
Rusya Federasyonu;Novorossisk Başkonsolosluğu;Ulitsa Svabodı No:73, Novorossisk, Rusya Federasyonu;29 Nisan;7 Mayıs;20 Mayıs;22 Mayıs
Rusya Federasyonu;St.Petersburg Başkonsolosluğu;7.Sovetskaya Ulitsa No:24 St.Petersburg, Rusya Federasyonu;29 Nisan;7 Mayıs;20 Mayıs;22 Mayıs
Sirbistan;Belgrad Büyükelçiliği;Krunska 3, 11000 Belgrad, Sırbistan;6 Mayıs;7 Mayıs;21 Mayıs;21 Mayıs
Sirbistan;Yeni Pazar Başkonsolosluğu;Sutjeska 1, Novi Pazar 36300,    Yeni Pazar, Sırbistan;6 Mayıs;7 Mayıs;21 Mayıs;21 Mayıs
Singapur;Singapur Büyükelçiliği;2 Shenton Way, SGX Centre Tower 1, No: 10-03, Singapore 068804;6 Mayıs;7 Mayıs;21 Mayıs;21 Mayıs
Slovakya;Bratislava Büyükelçiliği;Holubyho 11, 811 03 Bratislava, Slovakya;6 Mayıs;7 Mayıs;21 Mayıs;21 Mayıs
Sudan;Hartum Büyükelçiliği;House No:21, Block No: 8H, Baladia Str. P.O. Box: 771, Hartum, Sudan;5 Mayıs;6 Mayıs;20 Mayıs;20 Mayıs
Suudi Arabistan Kralliği;Cidde Başkonsolosluğu;4019 Arafat Al-Hamra Unit No: 11 Jeddah 23324-7910 Saudi Arabia - P.O. Box 70 Jeddah 21411, Cidde, Suudi Arabistan;1 Mayıs;7 Mayıs;20 Mayıs;22 Mayıs
Suudi Arabistan Kralliği;Riyad Büyükelçiliği;Diplomatik Bölge, Abdullah Ibn Hudhafah As Sahmi Cad. No:8606 PK: 3732, Riyad, 12523, Suudi Arabistan;1 Mayıs;7 Mayıs;20 Mayıs;22 Mayıs
Tanzanya;Darüsselam Büyükelçiliği;P O Box : 21761 Dar es Salaam, Toure Drive 8 Oysterbay Darüsselam, Tanzanya;6 Mayıs;7 Mayıs;21 Mayıs;21 Mayıs
Tayland;Bangkok Büyükelçiliği;1601, 1617, 1617/1, 16th Floor, Tower I, Empire Tower, 1 South Sathorn Rd, Yan Nawa, Sathorn, Bangkok 10120, Tayland;6 Mayıs;7 Mayıs;21 Mayıs;21 Mayıs
Türkmenistan;Aşkabat Büyükelçiliği;Göroglu 59, 744000, Aşkabat, Türkmenistan;6 Mayıs;7 Mayıs;20 Mayıs;21 Mayıs
Ukrayna;Kiev Büyükelçiliği;Panasa Myrnoho Str. No:22, 01011, Kiev, Ukrayna;5 Mayıs;7 Mayıs;20 Mayıs;21 Mayıs
Ukrayna;Odessa Başkonsolosluğu;Leontovycha Sk., 5, 65054 Odessa, Ukrayna;5 Mayıs;7 Mayıs;20 Mayıs;21 Mayıs
Umman;Muskat Büyükelçiliği;Way No: 3042, Building No: 3270 Shatti Al Qurum – Muskat, Umman;5 Mayıs;6 Mayıs;20 Mayıs;20 Mayıs
Ürdün;Amman Büyükelçiliği;Abbas Mahmoud Al-Aqqad St.31 Jabal Amman 11181 Amman, Ürdün;5 Mayıs;7 Mayıs;20 Mayıs;21 Mayıs
Yeni Zelanda;Wellington Büyükelçiliği;Level 12, 15-17 Murphy Street, Thorndon, Wellington 6011,    Yeni Zelanda;6 Mayıs;7 Mayıs;21 Mayıs;21 Mayıs
Yunanistan;Atina-Pire Başkonsolosluğu;Vasileos Pavlou 22, Paleo Psychico, 15452 Atina, Yunanistan;29 Nisan;7 Mayıs;20 Mayıs;24 Mayıs
Yunanistan;Gümülcine Başkonsolosluğu;Odos Ionon 14, 69100, Komotini, Yunanistan;29 Nisan;7 Mayıs;20 Mayıs;24 Mayıs
Yunanistan;Rodos Başkonsolosluğu;Iroon Politechniou No: 10-12 85100 Rhodes, Yunanistan;29 Nisan;7 Mayıs;20 Mayıs;24 Mayıs
Yunanistan;Selanik Başkonsolosluğu;Odos Agiou Dimitriou 151, 54634 Selanik, Yunanistan;29 Nisan;7 Mayıs;20 Mayıs;24 Mayıs